biz_model,startup_count,total_revenue,median_revenue,startup_share,revenue_share
Commerce / marketplace / transactions,32,11814100,17500.0,0.13973799126637554,0.48626900565539155
Software / SaaS,114,5533300,20000.0,0.4978165938864629,0.2277509322752455
Content / education / media,33,4162200,20000.0,0.14410480349344978,0.17131638087868487
Services / agency / lead-gen,18,1609600,37500.0,0.07860262008733625,0.06625122451163595
Consumer app / subscription,29,1104100,13000.0,0.12663755458515283,0.04544481671427513
