gtm_model,startup_count,total_revenue,median_revenue,startup_share,revenue_share
Marketplace / SEO / performance,32,11814100,17500.0,0.13973799126637554,0.48626900565539155
PLG / inbound software,95,5108700,21000.0,0.4148471615720524,0.21027437292656223
Creator / content / audience-led,43,4415000,20000.0,0.18777292576419213,0.18172164278011477
Sales-led / outbound / SEO,29,1798500,18000.0,0.12663755458515283,0.0740263588992155
App-store / paid social / consumer,29,1104100,13000.0,0.12663755458515283,0.04544481671427513
