revenue_band,startup_count,total_revenue,startup_share,revenue_share
$5k–$10k,66,467500,0.26506024096385544,0.019171228804002377
$10k–$50k,136,3072000,0.5461847389558233,0.12597650242972258
$50k–$100k,27,1934000,0.10843373493975904,0.0793094256832954
$100k–$500k,14,3358000,0.05622489959839357,0.1377047835804064
$500k–$1M,2,1554000,0.008032128514056224,0.06372639478378544
$1M+,4,14000000,0.01606425702811245,0.5741116647187878
