revenue_band,startup_count,total_revenue,startup_share,revenue_share
$5k–$10k,57,415400,0.24890829694323144,0.017097886842776824
$10k–$50k,125,2898000,0.5458515283842795,0.11928183936053739
$50k–$100k,27,1926000,0.11790393013100436,0.07927426591041925
$100k–$500k,14,3354000,0.0611353711790393,0.13805082443590144
$500k–$1M,2,1702000,0.008733624454148471,0.07005441359269655
$1M+,4,14000000,0.017467248908296942,0.5762407698576685
