{
  "sample_size": 249,
  "total_visible_revenue_usd": 24385500,
  "median_revenue_usd": 17000.0,
  "p75_revenue_usd": 38000.0,
  "p90_revenue_usd": 89200.00000000001,
  "top_1_revenue_share": 0.2911566299645281,
  "top_5_revenue_share": 0.6092965081708392,
  "top_10_revenue_share": 0.6961103934715303,
  "top_20_revenue_share": 0.7755428430829796,
  "gini_coefficient": 0.8274531107143713,
  "dominant_category": "E-commerce",
  "dominant_category_revenue_share": 0.4564064710586209,
  "dominant_category_startup_share": 0.05622489959839357
}